forCustomerClub,salesCount,availableColors,mockupBackImageUrl,preDesignedProductCategory,description,stockQuantity,isGreetingProduct,twoSidedPrintingCost,imageSlots,tips,designName,price,imageUrl,backImageUrl,suitableFor,productType,height,bulkDiscounts,shapeMaskUrl,orientation,additionalImages,active,availableSizes,material,name,width,mountingOptions,hasTwoSidedPrinting,photoMaskUrl,category,mockupImageUrl,baseGraphicUrl,dimensions,id,created_date,updated_date,created_by_id,created_by,is_sample
"false","5","[]","","","מתלה מפתחות מעץ טבעי הוא הזדמנות ליצור פריט אישי ואותנטי - הדפיסו עליו את התמונות או העיצובים שאתם אוהבים. זהו פריט שמוסיף חום לכל חלל ומתנה מיוחדת שתשמח את מי שחשוב לכם.","6","false","10","","ההדפסה היא על עץ טבעי, לכן יהיה שינוי בגוונים של ההדפסה, מומלץ להדפסים של איורים או שחור לבן ","","69","https://base44.app/api/apps/68d6c74511c551c2152b265d/files/public/68d6c74511c551c2152b265d/8b081b433_166882.png","","[""office"",""gifts"",""home"",""teachers"",""children""]","regular","10","[]","","landscape","[]","true","[]","","מתלה מפתחות עץ טבעי","30","[""hanging""]","false","","המומלצים שלנו","","","","6983685030c52f34df1c806f","2026-02-04T15:40:00.161000","2026-02-04T15:40:00.161000","68d6c74511c551c2152b265e","chaimovsky.d@gmail.com","false"
"false","25","[]","","","ציפית כרית Love מאפשרת לכם להדפיס ארבע תמונות אישיות או עיצובים משותפים, כדי ליצור מוצר ייחודי שלכם. זו מתנה מקסימה ומרגשת שתוסיף נופך אישי בכל חדר. גודל הציפיות מתאים לכרית 40*40","8","false","10","[{""description"":"""",""slotId"":""slot_1770219431262"",""targetHeight"":14,""label"":""תמונה 1"",""targetWidth"":14,""shapeMaskUrl"":""""},{""description"":"""",""slotId"":""slot_1770219432115"",""targetHeight"":14,""label"":""תמונה 2"",""targetWidth"":14,""shapeMaskUrl"":""""},{""description"":"""",""slotId"":""slot_1770219432658"",""targetHeight"":14,""label"":""תמונה 3"",""targetWidth"":14,""shapeMaskUrl"":""""},{""description"":"""",""slotId"":""slot_1770219433110"",""targetHeight"":14,""label"":""תמונה 4"",""targetWidth"":14,""shapeMaskUrl"":""""}]","","","50","https://base44.app/api/apps/68d6c74511c551c2152b265d/files/public/68d6c74511c551c2152b265d/74c7c1038_166876.png","","[""women"",""home"",""men"",""children"",""gifts""]","regular","14","[]","","any","[]","true","[]","","ציפית כרית Love ארבע תמונות","14","[""not_relevant""]","false","","טקסטיל","","","","698367c5eec16f1c3ae7bd08","2026-02-04T15:37:41.378000","2026-02-04T15:37:41.378000","68d6c74511c551c2152b265e","chaimovsky.d@gmail.com","false"
"false","5","[""ורוד"",""סגול""]","","","מראת איפור עם ידית מסרק נשלפת היא ההזדמנות שלכם להביא לידי ביטוי את היצירתיות שלכם! הדפיסו עליה את התמונות או העיצובים האישיים שלכם והבינו איך כל יום איפור הופך לחוויה מיוחדת. מתנה מרגשת שתחמם את הלב ותישאר לשנים רבות!","8","false","10","","","","25","https://base44.app/api/apps/68d6c74511c551c2152b265d/files/public/68d6c74511c551c2152b265d/81f0cc9e8_166873.png","","[""women"",""teachers"",""children""]","regular","9","[]","","any","[""https://base44.app/api/apps/68d6c74511c551c2152b265d/files/public/68d6c74511c551c2152b265d/8d7fba916_166874.png""]","true","[]","","מראת איפור עם ידית מסרק נשלפת","9","[""not_relevant""]","false","","ילדים ונוער","","","","6983671a3e71e24409d84e91","2026-02-04T15:34:50.439000","2026-02-04T15:34:50.439000","68d6c74511c551c2152b265e","chaimovsky.d@gmail.com","false"
"false","0","[]","","","הפכו את תיק האיפור שלכם לייחודי עם הדפסה אישית של התמונות והעיצובים האהובים עליכם. הדפסה על החלק הלבן","6","false","10","","","","49","https://base44.app/api/apps/68d6c74511c551c2152b265d/files/public/68d6c74511c551c2152b265d/c2d2bbc24_166868.png","","[""children"",""women"",""teachers""]","regular","14","[]","","landscape","[]","true","[]","","תיק איפור / קלמר קנבס","25","[""not_relevant""]","false","","ילדים ונוער","","","","698365dda2b99d8f36de1fe9","2026-02-04T15:29:33.127000","2026-02-04T15:29:33.127000","68d6c74511c551c2152b265e","chaimovsky.d@gmail.com","false"
"false","0","[]","","","כיסוי דרכון איכותי עם הדפסה אישית על בסיס תמונות ועיצובים שלכם. הפכו את הכיסוי למתנה מיוחדת שמביאה לידי ביטוי את הזיכרונות והסגנון שלכם בכל נסיעה.","","false","10","","","","50","https://base44.app/api/apps/68d6c74511c551c2152b265d/files/public/68d6c74511c551c2152b265d/6d9df073a_164983.jpg","","[""men"",""gifts"",""women"",""teachers""]","regular","14.5","[]","","portrait","[]","true","[]","","כיסוי דרכון איכותי","8.7","[""not_relevant""]","false","","הדפסות","","","","6977d12b64950204b5546793","2026-01-26T20:40:11.198000","2026-01-26T20:40:11.198000","68d6c74511c551c2152b265e","chaimovsky.d@gmail.com","false"
"false","3","[]","","","גודל 33X43סמ

מתאים לילדים ונוער, ללוגים, כביסה ועוד","15","false","10","","גודל ההדפסה קטן יותר מגודל התיק","","35","https://base44.app/api/apps/68d6c74511c551c2152b265d/files/public/68d6c74511c551c2152b265d/c28330245_164979.jpg","","[""children"",""gifts"",""teachers"",""women""]","regular","20","[]","","any","[]","true","[]","","תיק שרוכים פוליאסטר ","29","[""not_relevant""]","false","","טקסטיל","","","","6977d0656b6d7ed6ec08ced6","2026-01-26T20:36:53.209000","2026-01-26T20:36:53.209000","68d6c74511c551c2152b265e","chaimovsky.d@gmail.com","false"
"false","12","[]","","","גודל התיק 37*32. עשוי פוליאסטר. ","20","false","10","","ההדפס הוא לא על כל שטח התיק. גודל התיק 37*32","","35","https://base44.app/api/apps/68d6c74511c551c2152b265d/files/public/68d6c74511c551c2152b265d/d0cde2835_164974.jpg","","[""women"",""teachers"",""gifts"",""children""]","regular","20","[]","","any","[]","true","[]","","תיק ידיות בד","29","[""not_relevant""]","false","","טקסטיל","","","","6977cffe695bd8efe68e98be","2026-01-26T20:35:10.620000","2026-01-26T20:35:10.620000","68d6c74511c551c2152b265e","chaimovsky.d@gmail.com","false"
"false","33","[]","","","עשוי נירוסטה","10","false","10","","גודל ההדפסה הוא היקף הכוס בחלק הרחב שלה, ניתן למקם את התמונה רק על חלק מהשטח ולהשאיר מקום לכתוב בצד השני","","59","https://base44.app/api/apps/68d6c74511c551c2152b265d/files/public/68d6c74511c551c2152b265d/dc58e3b93_164973.jpg","","[""men"",""gifts"",""women"",""teachers"",""home""]","regular","10","[]","","any","[]","true","[]","","ספל תרמי לרכב","20","[""not_relevant""]","false","","כוסות_ובקבוקים","","","","6977cf1905f0379a9c53b3cb","2026-01-26T20:31:21.195000","2026-01-26T20:31:21.195000","68d6c74511c551c2152b265e","chaimovsky.d@gmail.com","false"
"false","0","[]","","","הפכו את הזיכרונות שלכם ליצירה אישית עם מסגרת קולאז' 10 תמונות. הדפיסו את התמונות והעיצובים שלכם, וצרו מתנה מיוחדת שמבטיחה להחיות כל חלל ולכבוש את הלבבות של האנשים החשובים לכם.","","false","10","[{""slotId"":""slot_1769459129875"",""label"":""תמונה 1"",""targetWidth"":15,""targetHeight"":10,""description"":""רוחב"",""shapeMaskUrl"":""""},{""slotId"":""slot_1769459130422"",""label"":""תמונה 2"",""targetWidth"":15,""targetHeight"":10,""description"":"""",""shapeMaskUrl"":""""},{""slotId"":""slot_1769459131126"",""label"":""תמונה 3"",""targetWidth"":15,""targetHeight"":10,""description"":"""",""shapeMaskUrl"":""""},{""slotId"":""slot_1769459131743"",""label"":""תמונה 4"",""targetWidth"":15,""targetHeight"":10,""description"":"""",""shapeMaskUrl"":""""},{""slotId"":""slot_1769459132350"",""label"":""תמונה 5"",""targetWidth"":15,""targetHeight"":10,""description"":"""",""shapeMaskUrl"":""""},{""slotId"":""slot_1769459133010"",""label"":""תמונה 6"",""targetWidth"":15,""targetHeight"":10,""description"":"""",""shapeMaskUrl"":""""},{""slotId"":""slot_1769459133652"",""label"":""תמונה 7"",""targetWidth"":13,""targetHeight"":18,""description"":"""",""shapeMaskUrl"":""""},{""slotId"":""slot_1769459134307"",""label"":""תמונה 8"",""targetWidth"":13,""targetHeight"":18,""description"":"""",""shapeMaskUrl"":""""},{""slotId"":""slot_1769459134990"",""label"":""תמונה 9"",""targetWidth"":13,""targetHeight"":18,""description"":"""",""shapeMaskUrl"":""""},{""slotId"":""slot_1769459135623"",""label"":""תמונה 10"",""targetWidth"":13,""targetHeight"":18,""description"":"""",""shapeMaskUrl"":""""}]","","","139","https://base44.app/api/apps/68d6c74511c551c2152b265d/files/public/68d6c74511c551c2152b265d/5bbe76efd_164969.jpg","","[""office"",""home"",""women"",""men"",""gifts""]","regular","","[]","","any","[]","true","[]","","מסגרת קולאז'10 תמונות","","[""hanging""]","false","","תמונות במסגרת","","","","6977ce05cc6e9b90d51d012d","2026-01-26T20:26:45.282000","2026-01-26T20:26:45.282000","68d6c74511c551c2152b265e","chaimovsky.d@gmail.com","false"
"false","19","[]","","","","5","false","10","[{""description"":""רוחב"",""slotId"":""slot_1769458869020"",""targetHeight"":10,""label"":""תמונה 1"",""targetWidth"":15,""shapeMaskUrl"":""""},{""description"":""רוחב"",""slotId"":""slot_1769458878684"",""targetHeight"":10,""label"":""תמונה 2"",""targetWidth"":15,""shapeMaskUrl"":""""},{""description"":""רוחב"",""slotId"":""slot_1769458881367"",""targetHeight"":10,""label"":""תמונה 3"",""targetWidth"":15,""shapeMaskUrl"":""""},{""description"":""רוחב"",""slotId"":""slot_1769458882674"",""targetHeight"":10,""label"":""תמונה 4"",""targetWidth"":15,""shapeMaskUrl"":""""},{""description"":""גובה"",""slotId"":""slot_1769458883531"",""targetHeight"":15,""label"":""תמונה 5"",""targetWidth"":10,""shapeMaskUrl"":""""},{""description"":""גובה"",""slotId"":""slot_1769458884147"",""targetHeight"":15,""label"":""תמונה 6"",""targetWidth"":10,""shapeMaskUrl"":""""},{""description"":""גובה"",""slotId"":""slot_1769458884705"",""targetHeight"":15,""label"":""תמונה 7"",""targetWidth"":10,""shapeMaskUrl"":""""}]","","","109","https://base44.app/api/apps/68d6c74511c551c2152b265d/files/public/68d6c74511c551c2152b265d/1783a106c_164968.jpg","","[""office"",""gifts"",""home""]","regular","","[]","","any","[]","true","[]","","מסגרת עץ טבעי 7 תמונות","","[""hanging""]","false","","תמונות במסגרת","","","","6977ccfb8a0b5f72aaf26969","2026-01-26T20:22:19.259000","2026-03-11T10:07:00.546000","68d6c74511c551c2152b265e","chaimovsky.d@gmail.com","false"
"false","88","[]","","","הפאזל עץ לב הוא המתנה המושלמת לכל אחד - תוכלו להדפיס את התמונות והעיצובים האישיים שלכם עליו, ולהפוך כל רגע למיוחד. תנו לדמיון שלכם לעוף וצרו פאזל ייחודי שמלא באהבה ורגש.","20","false","10","","מומלץ לא לשים פרטים חשובים בקצה","","69","https://base44.app/api/apps/68d6c74511c551c2152b265d/files/public/68d6c74511c551c2152b265d/891572856_SKM_C30826010610510212.png","","[""men"",""women"",""gifts"",""children""]","regular","13.5","[]","","landscape","[""https://base44.app/api/apps/68d6c74511c551c2152b265d/files/public/68d6c74511c551c2152b265d/d3b587cc5_SKM_C30826010610510289.png""]","true","[]","","פאזל עץ לב ","16.5","[""standing"",""not_relevant""]","false","","הדפסות","","","","695ce3a1b59297ae2a5db54d","2026-01-06T10:27:45.379000","2026-01-06T10:37:09.417000","68d6c74511c551c2152b265e","chaimovsky.d@gmail.com","false"
"false","33","[""שחור"",""לבן"",""עץ"",""זהב"",""כסף""]","","","העניקו לחדר שלכם טאצ' אישי עם תמונה ממוסגרת בגודל איי 4, בה תוכלו להדפיס את התמונות או העיצובים האהובים עליכם. מתנה מיוחדת ומשמעותית שתשמח אתכם ואת האנשים הקרובים לכם.","","false","10","","","","29","https://base44.app/api/apps/68d6c74511c551c2152b265d/files/public/68d6c74511c551c2152b265d/7fe290afc_158235.jpg","","[""men"",""children"",""gifts"",""office"",""home"",""teachers"",""women""]","regular","21","[]","","any","[]","true","[]","","תמונה ממוסגרת איי 4","29.7","[""standing"",""hanging"",""both""]","false","","תמונות במסגרת","","","","693c6154909ae207636f0fe6","2025-12-12T18:39:16.553000","2025-12-12T18:39:16.553000","68d6c74511c551c2152b265e","chaimovsky.d@gmail.com","false"
"false","0","[""כחול"",""ורוד""]","","","החולצה לרכב מאפשרת לכם להדפיס את התמונות או העיצובים האישיים שלכם, ולהוסיף נופך ייחודי לכל נסיעה. מתנה מהממת ומקורית שמתאימה לכל אחד ואחת, שתשמח את הלב בכל פעם שתיכנסו לרכב.","","false","10","","בחירת הצבע משפיעה רק על צבע השרוול והצווארון, שאר החולצה בצבע תבן","","35","https://base44.app/api/apps/68d6c74511c551c2152b265d/files/public/68d6c74511c551c2152b265d/4d20a2a7d_155355.png","","[""men"",""gifts"",""women"",""teachers""]","regular","11","[]","","any","","true","[]","","חולצה לרכב","9","[""hanging"",""not_relevant""]","false","","טקסטיל","","","","6920e3e47e0b189c535206a6","2025-11-21T22:12:52.567000","2025-11-21T22:12:52.567000","68d6c74511c551c2152b265e","chaimovsky.d@gmail.com","false"
"false","19","[]","","","בקבוק נירוסטה גליל הוא בחירה מצוינת למי שרוצה לשלב עיצוב אישי עם שימושיות. הדפיסו עליו את התמונות או העיצובים שלכם וצרו מתנה מיוחדת שמביעה את האישיות שלכם או את הרגעים היקרים לכם.","20","false","10","","","","49","https://base44.app/api/apps/68d6c74511c551c2152b265d/files/public/68d6c74511c551c2152b265d/ebb58fb13_154994.jpg","","[""men"",""children"",""gifts"",""teachers"",""women""]","regular","9.5","[]","","portrait","","true","[]","","בקבוק נירוסטה גליל","9","[""not_relevant""]","false","","כוסות_ובקבוקים","","","","691b835a8a03c16d772c33bd","2025-11-17T20:19:38.675000","2025-11-21T21:22:08.437000","68d6c74511c551c2152b265e","chaimovsky.d@gmail.com","false"
"false","5","[]","","","","3","false","10","[{""slotId"":""slot_1763037795046"",""label"":""תמונה 1"",""targetWidth"":9.5,""targetHeight"":9.5,""description"":""תמונה עליונה"",""shapeMaskUrl"":""""},{""slotId"":""slot_1763037807194"",""label"":""תמונה 2"",""targetWidth"":9.5,""targetHeight"":9.5,""description"":""תמונה אמצעית"",""shapeMaskUrl"":""""},{""slotId"":""slot_1763037817666"",""label"":""תמונה 3"",""targetWidth"":9.5,""targetHeight"":9.5,""description"":""תמונה תחתונה"",""shapeMaskUrl"":""""}]","","","75","https://base44.app/api/apps/68d6c74511c551c2152b265d/files/public/68d6c74511c551c2152b265d/8864af02b_LOVE.png","","[]","regular","","[]","","any","","true","[]","","מסגרת LOVE  תליה","","[]","false","","הדפסות","","","","6915d29712eb1eb13b438220","2025-11-13T12:44:07.269000","2025-11-13T12:44:07.269000","anonymous","anonymous","false"
"false","0","[]","","","העניקו למרחב שלכם טאץ' אישי עם המסגרת לב שחור בוהו. הדפיסו את התמונות או העיצובים שלכם כמו שאתם אוהבים, והפכו כל פינה לייחודית. מתנה נהדרת ואותנטית לאנשים שאתם מעריכים.","2","false","10","","","","35","https://base44.app/api/apps/68d6c74511c551c2152b265d/files/public/68d6c74511c551c2152b265d/7061298af_bf36cf42-7bb9-4c78-a69f-447f72ca01f112W.png","","[""home"",""women"",""men"",""office"",""gifts""]","regular","15","[]","","portrait","[]","true","[]","","מסגרת לב שחור בוהו","10","[""standing""]","false","","תמונות במסגרת","","","","691466d48a435a5ed51b40ff","2025-11-12T10:52:04.005000","2026-03-08T10:29:50.671000","68d6c74511c551c2152b265e","chaimovsky.d@gmail.com","false"
"false","0","[]","","ספלים","","","false","10","[]","","היום זה שניהם","45","https://base44.app/api/apps/68d6c74511c551c2152b265d/files/public/68d6c74511c551c2152b265d/ff47b6d4f_.png","","[]","pre_designed_template","9.7","[]","","any","","true","[]","","ספל קרמיקה","22","[]","false","https://base44.app/api/apps/68d6c74511c551c2152b265d/files/public/68d6c74511c551c2152b265d/5c943364d_.png","pre_designed","","https://base44.app/api/apps/68d6c74511c551c2152b265d/files/public/68d6c74511c551c2152b265d/bcec73c88_.png","","69133fc7abf1fffdd76b192d","2025-11-11T13:53:11.405000","2025-11-11T13:53:11.405000","68d6c74511c551c2152b265e","chaimovsky.d@gmail.com","false"
"false","0","[]","","ספלים","","","false","10","[]","","לסבתא מספר 1","45","https://base44.app/api/apps/68d6c74511c551c2152b265d/files/public/68d6c74511c551c2152b265d/81eb9ebf3_1.png","","[]","pre_designed_template","9.7","[]","","any","","true","[]","","ספל קרמיקה","22","[]","false","https://base44.app/api/apps/68d6c74511c551c2152b265d/files/public/68d6c74511c551c2152b265d/a8b468b3b_1.png","pre_designed","","https://base44.app/api/apps/68d6c74511c551c2152b265d/files/public/68d6c74511c551c2152b265d/36e81be68_1.png","","691324df074c7ae897cbb966","2025-11-11T11:58:23.142000","2025-11-11T11:58:23.142000","68d6c74511c551c2152b265e","chaimovsky.d@gmail.com","false"
"false","0","[]","","ספלים","","","false","10","[]","","לסבא מספר 1","45","https://base44.app/api/apps/68d6c74511c551c2152b265d/files/public/68d6c74511c551c2152b265d/eefcd2bfd_1.png","","[]","pre_designed_template","9.7","[]","","any","","true","[]","","ספל קרמיקה","22","[]","false","https://base44.app/api/apps/68d6c74511c551c2152b265d/files/public/68d6c74511c551c2152b265d/456050fee_1.png","pre_designed","","https://base44.app/api/apps/68d6c74511c551c2152b265d/files/public/68d6c74511c551c2152b265d/98a4277d3_1.png","","691324ac2b5280b08bcb1780","2025-11-11T11:57:32.832000","2025-11-11T11:57:32.832000","68d6c74511c551c2152b265e","chaimovsky.d@gmail.com","false"
"false","0","[]","","ספלים","","","false","10","[]","","בת מצווש","45","https://base44.app/api/apps/68d6c74511c551c2152b265d/files/public/68d6c74511c551c2152b265d/3da79d54c_12.png","","[]","pre_designed_template","9.7","[]","","any","","true","[]","","ספל קרמיקה","22","[]","false","https://base44.app/api/apps/68d6c74511c551c2152b265d/files/public/68d6c74511c551c2152b265d/3542b38dd_12.png","pre_designed","","https://base44.app/api/apps/68d6c74511c551c2152b265d/files/public/68d6c74511c551c2152b265d/5eff54cb9_12.png","","69124ed97cf00a50ab1e0ebb","2025-11-10T20:45:13.955000","2025-11-10T20:45:13.955000","anonymous","anonymous","false"
"false","0","[]","","בלוק עץ","","","","10","[]","","יום הולדת כחול","45","https://base44.app/api/apps/68d6c74511c551c2152b265d/files/public/68d6c74511c551c2152b265d/de16acf0e_15-15.png","","[]","pre_designed_template","15","[]","","any","","true","[]","","בלוק 15-15","15","[]","false","https://base44.app/api/apps/68d6c74511c551c2152b265d/files/public/68d6c74511c551c2152b265d/ae503b677_15-15.png","pre_designed","","https://base44.app/api/apps/68d6c74511c551c2152b265d/files/public/68d6c74511c551c2152b265d/dde775ab3_15-15.png","","6911b1a00d9abf71a9b8f8b3","2025-11-10T09:34:24.910000","2025-11-10T10:01:59.949000","anonymous","anonymous","false"
"false","0","[]","","ספלים","","30","","10","[]","","אהבה עיגול","45","https://base44.app/api/apps/68d6c74511c551c2152b265d/files/public/68d6c74511c551c2152b265d/340b86ea9_.png","","[]","pre_designed_template","9.7","[]","","any","","true","[]","","ספל קרמיקה","22","[]","false","https://base44.app/api/apps/68d6c74511c551c2152b265d/files/public/68d6c74511c551c2152b265d/60d9f0d77_.png","pre_designed","","https://base44.app/api/apps/68d6c74511c551c2152b265d/files/public/68d6c74511c551c2152b265d/0432c547d_.png","","6911ad0d30b3b3a987f40903","2025-11-10T09:14:53.595000","2025-11-10T09:14:53.595000","anonymous","anonymous","false"
"false","0","[]","","ספלים","","30","","10","[]","","אהבה נקי","45","","","[]","pre_designed_template","9.7","[]","","any","","true","[]","","ספל קרמיקה","22","[]","false","https://base44.app/api/apps/68d6c74511c551c2152b265d/files/public/68d6c74511c551c2152b265d/1792074b4_Untitled-1-2.png","pre_designed","","https://base44.app/api/apps/68d6c74511c551c2152b265d/files/public/68d6c74511c551c2152b265d/b9d4e78fc_Untitled-1.png","","6911991a26fe0b4855dbea78","2025-11-10T07:49:46.186000","2025-11-10T07:49:46.186000","anonymous","anonymous","false"
"false","0","[]","","","הזכוכית עם מסגרת מראה בגודל 18*24 מאפשרת לכם להדפיס את התמונות והעיצובים האישיים שלכם, מה שהופך כל יצירה למתנה מיוחדת ומלאה בייחודיות. צרו מזכרות עם משמעות ורוממו את חלל הבית או הפתיעו את היקרים לכם במתנה אישית מהלב.","","true","10","","","","99","https://base44.app/api/apps/68d6c74511c551c2152b265d/files/public/68d6c74511c551c2152b265d/0f25b1347_153524.jpg","","[""men"",""office"",""gifts"",""home"",""women""]","","17","[]","","any","","true","[]","","זכוכית מסגרת מראה 18*24","23","[""standing""]","false","","אבני בזלת וזכוכיות","","","","6910d0745c95a540c9cdf42a","2025-11-09T17:33:40.612000","2025-11-10T10:37:53.305000","68d6c74511c551c2152b265e","chaimovsky.d@gmail.com","false"
"false","0","[""כחול"",""ורוד""]","","","קופסת אוכל 2 קומות מחולקת שתהפוך כל ארוחה למיוחדת! הדפיסו עליה את התמונות או העיצובים האישיים שלכם והעניקו מתנה חמה ומרגשת לילדים שלכם או למישהו אהוב.","","","10","","","","49","https://base44.app/api/apps/68d6c74511c551c2152b265d/files/public/68d6c74511c551c2152b265d/122ac3284_.png","","[""children"",""gifts""]","","10","[]","","any","","true","[]","","קופסת אוכל  2 קומות מחולקת","10","[""not_relevant""]","false","","ילדים ונוער","","","","6910c88e92ce24cb4056e222","2025-11-09T16:59:58.558000","2025-11-09T16:59:58.558000","anonymous","anonymous","false"
"false","0","[""שחור"",""ג'ינס"",""ורוד""]","","","תיק גן בעיצוב אישי, המאפשר לכם להדפיס תמונות או עיצובים מיוחדים שלכם. זו מתנה חמה ואישית, ששמים בה את כל הלב, ולילדיכם תהיה חוויית שימוש ייחודית ומשמחת.","","","10","","","","59","https://base44.app/api/apps/68d6c74511c551c2152b265d/files/public/68d6c74511c551c2152b265d/1fd364412_97.png","","[""children"",""gifts""]","","21","[]","","landscape","","true","[]","","תיק גן בעיצוב אישי","24","[""not_relevant""]","false","","ילדים ונוער","","","","6910c734e05fe47c756dccb7","2025-11-09T16:54:12.484000","2025-11-09T16:55:16.356000","anonymous","anonymous","false"
"false","0","[]","","","בחרו את העיצוב המושלם עבור בקבוק הנירוסטה המיוחד לילדים שלכם! הדפיסו עליו את התמונות והעיצובים שלכם, והפכו אותו למתנה אישית ומרגשת. יחד עם הקש הנוח, זהו פריט שילדים ישמחו להשתמש בו בכל יום.","","","10","","במידה ועושים גרפיקה - עדיף ללא רקע מלא","","49","https://base44.app/api/apps/68d6c74511c551c2152b265d/files/public/68d6c74511c551c2152b265d/4807fce26_18.png","","[""children"",""gifts""]","","10","[]","","any","","true","[]","","בקבוק נירוסטה עם קש לילדים","8","[""not_relevant""]","false","","כוסות_ובקבוקים","","","","6910c69b7d07747326f3cdfa","2025-11-09T16:51:39.048000","2025-11-09T16:51:39.048000","anonymous","anonymous","false"
"false","0","[]","","","סינר משובץ, הדפסה על הכיס","","true","10","","","","50","https://base44.app/api/apps/68d6c74511c551c2152b265d/files/public/68d6c74511c551c2152b265d/16f94c9fa_sinar3.png","","[""women"",""teachers"",""gifts""]","","21.7","[]","","landscape","","true","[]","","סינר משבצות אדום","27","[""not_relevant""]","false","","טקסטיל","","","","6910c19b00ccf0debc85e4bc","2025-11-09T16:30:19.502000","2025-11-10T10:37:52.473000","68d6c74511c551c2152b265e","chaimovsky.d@gmail.com","false"
"false","29","[]","","","סינר שחור להדפסה מאפשר לכם להכניס את העיצובים והתמונות האישיים שלכם למטבח. המתנה המושלמת לכל חובב בישול, שתשדרגו את החוויה ותשמור על אופי ייחודי בלבושכם.","0","true","10","","העיצוב על הכיס הלבן","","50","https://base44.app/api/apps/68d6c74511c551c2152b265d/files/public/68d6c74511c551c2152b265d/bbd482edf_153503.jpg","","[""men"",""women"",""teachers"",""gifts""]","regular","27","[]","","portrait","[]","true","[]","","סינר שחור להדפסה","21","[""not_relevant""]","false","","טקסטיל","","","","6910b4b42d44470a1ef253d2","2025-11-09T15:35:16.133000","2026-04-27T05:27:46.799000","68d6c74511c551c2152b265e","chaimovsky.d@gmail.com","false"
"false","0","[]","","","גודל 20*25 הדפסה ישירות על עץ בגוון טבעי","5","true","10","","","","89","https://base44.app/api/apps/68d6c74511c551c2152b265d/files/public/68d6c74511c551c2152b265d/c14e7cb8e_152374.jpg","","[""men"",""gifts"",""home"",""office""]","","25","[]","","any","","true","[]","","בלוק עץ טבעי גדול","20","[""hanging"",""both"",""standing""]","false","","wood_block","","","","690ce4479b378896a86dd49f","2025-11-06T18:09:11.596000","2025-11-10T10:36:12.734000","68d6c74511c551c2152b265e","chaimovsky.d@gmail.com","false"
"false","0","[]","https://qtrypzzcjebvfcihiynt.supabase.co/storage/v1/object/public/base44-prod/public/68d6c74511c551c2152b265d/19511222a_39025616_white_realistic_t_shirt_isolated_front_and_back12.jpg","","חולצת טי-שירט איכותית עם הדפסה אישית. בחר מידה, עצב את החזית והגב, וקבל חולצה ייחודית משלך!","","false","10","[{""slotId"":""front"",""label"":""עיצוב חזית החולצה"",""targetWidth"":21,""targetHeight"":29,""description"":""עצב את חזית החולצה - שטח הדפסה מקסימלי: 29x21 ס״מ"",""shapeMaskUrl"":""https://base44.app/api/apps/68d6c74511c551c2152b265d/files/public/68d6c74511c551c2152b265d/ad20ee76d_151277.jpg""},{""slotId"":""back"",""label"":""עיצוב גב החולצה"",""targetWidth"":21,""targetHeight"":29,""description"":""עצב את גב החולצה - שטח הדפסה מקסימלי: 29x21 ס״מ"",""shapeMaskUrl"":""https://base44.app/api/apps/68d6c74511c551c2152b265d/files/public/68d6c74511c551c2152b265d/d845457d4_151279.jpg""}]","שטח ההדפסה המקסימלי הוא 29x21 ס״מ לכל המידות. בחולצות קטנות ההדפס ייראה גדול יותר יחסית לחולצה.","","40","https://qtrypzzcjebvfcihiynt.supabase.co/storage/v1/object/public/base44-prod/public/68d6c74511c551c2152b265d/627fe692b_1625282.jpg","https://qtrypzzcjebvfcihiynt.supabase.co/storage/v1/object/public/base44-prod/public/68d6c74511c551c2152b265d/19511222a_39025616_white_realistic_t_shirt_isolated_front_and_back12.jpg","[""men"",""women"",""children"",""gifts""]","regular","70","[]","","any","","true","[{""size"":"" 2"",""heightCm"":38,""widthCm"":29,""printAreaWidthCm"":29,""printAreaHeightCm"":21},{""size"":"" 4"",""heightCm"":43,""widthCm"":32,""printAreaWidthCm"":29,""printAreaHeightCm"":21},{""size"":"" 6"",""heightCm"":48,""widthCm"":35,""printAreaWidthCm"":29,""printAreaHeightCm"":21},{""size"":"" 8"",""heightCm"":52,""widthCm"":38,""printAreaWidthCm"":29,""printAreaHeightCm"":21},{""size"":"" 10"",""heightCm"":56,""widthCm"":41,""printAreaWidthCm"":29,""printAreaHeightCm"":21},{""size"":"" 12"",""heightCm"":60,""widthCm"":44,""printAreaWidthCm"":29,""printAreaHeightCm"":21},{""size"":"" 14"",""heightCm"":64,""widthCm"":47,""printAreaWidthCm"":29,""printAreaHeightCm"":21},{""size"":"" 16"",""heightCm"":68,""widthCm"":50,""printAreaWidthCm"":29,""printAreaHeightCm"":21},{""size"":"" 18"",""heightCm"":71,""widthCm"":52,""printAreaWidthCm"":29,""printAreaHeightCm"":21},{""size"":"" S"",""heightCm"":70,""widthCm"":48,""printAreaWidthCm"":29,""printAreaHeightCm"":21},{""size"":"" M"",""heightCm"":72,""widthCm"":51,""printAreaWidthCm"":29,""printAreaHeightCm"":21},{""size"":"" L"",""heightCm"":74,""widthCm"":54,""printAreaWidthCm"":29,""printAreaHeightCm"":21},{""size"":"" XL"",""heightCm"":76,""widthCm"":57,""printAreaWidthCm"":29,""printAreaHeightCm"":21},{""size"":"" XXL"",""heightCm"":78,""widthCm"":60,""printAreaWidthCm"":29,""printAreaHeightCm"":21},{""size"":"" XXXL"",""heightCm"":80,""widthCm"":64,""printAreaWidthCm"":29,""printAreaHeightCm"":21}]","פוליאסטר ","חולצת טי-שירט מודפסת","48","[""not_relevant""]","true","","tshirt","https://qtrypzzcjebvfcihiynt.supabase.co/storage/v1/object/public/base44-prod/public/68d6c74511c551c2152b265d/627fe692b_1625282.jpg","","מגוון מידות מילדים עד מבוגרים","690a5b45554b5c97145070b9","2025-11-04T20:00:05.369000","2025-11-10T22:35:41.915000","68d6c74511c551c2152b265e","chaimovsky.d@gmail.com","false"
"false","0","[]","","","","5","true","10","","","","99","https://base44.app/api/apps/68d6c74511c551c2152b265d/files/public/68d6c74511c551c2152b265d/1b62f2fd8_152367.jpg","","[""gifts"",""office"",""home""]","","30","[]","","any","","true","[]","","סטיקווד 60*30","60","[""hanging""]","false","","wood_block","","","","690a2e7b598ed9547fa9637e","2025-11-04T16:48:59.121000","2025-11-10T10:36:12.734000","anonymous","anonymous","false"
"false","2","[]","","","","7","true","10","","","","35","https://base44.app/api/apps/68d6c74511c551c2152b265d/files/public/68d6c74511c551c2152b265d/fd98af6a1_152370.jpg","","[""men"",""children"",""office"",""gifts"",""home"",""teachers"",""women""]","regular","15","[]","","any","[""https://base44.app/api/apps/68d6c74511c551c2152b265d/files/public/68d6c74511c551c2152b265d/83a506422_IMG_20241105_150756.jpg""]","true","[]","","סטיקווד 15*15","15","[""standing"",""hanging"",""both""]","false","","wood_block","","","","690738b24cf0ed42686cd1a8","2025-11-02T10:55:46.326000","2025-12-03T08:20:12.197000","anonymous","anonymous","false"
"false","0","[]","","","עץ דק עם רגלית להעמדה","7","true","10","","","","29","https://base44.app/api/apps/68d6c74511c551c2152b265d/files/public/68d6c74511c551c2152b265d/cc467593b_15-10.png","","[]","regular","15","[]","","any","","true","[]","","סטיקווד 15*10","10","[""standing""]","false","","wood_block","","","","69036c9ec9fc00762da607f0","2025-10-30T13:48:14.872000","2025-11-13T12:40:57.558000","68d6c74511c551c2152b265e","chaimovsky.d@gmail.com","false"
"false","33","[]","","","","12","false","10","[{""slotId"":""slot_1760815300914"",""label"":""תמונה 1"",""targetWidth"":10,""targetHeight"":15,""description"":""צד ימין"",""shapeMaskUrl"":null},{""slotId"":""slot_1760815318866"",""label"":""תמונה 2"",""targetWidth"":10,""targetHeight"":10,""description"":""צד שמאל"",""shapeMaskUrl"":null}]","","","49","https://base44.app/api/apps/68d6c74511c551c2152b265d/files/public/68d6c74511c551c2152b265d/f34954caa_c41f9eff-4722-44ab-98c4-9aadc6e780e4.jpg","","[""men"",""office"",""gifts"",""teachers"",""home"",""women""]","regular","","[]","","portrait","","true","[]","","מסגרת בוהו 2 תמונות שחור","","[""hanging"",""standing"",""both""]","false","","תמונות במסגרת","","","","690220a1666ee9304b039dec","2025-10-29T14:11:45.731000","2025-11-30T07:40:40.706000","68d6c74511c551c2152b265e","chaimovsky.d@gmail.com","false"
"false","4","[]","","","","24","","","","","","19","https://base44.app/api/apps/68d6c74511c551c2152b265d/files/public/68d6c74511c551c2152b265d/0308e28cf_148677.jpg","","[""women"",""teachers"",""home"",""gifts"",""office"",""children"",""men""]","","13","[]","","any","","true","","","מסגרת 13*18 עץ דק","18","[""hanging"",""standing"",""both""]","","","תמונות במסגרת","","","","68ff9b7f2ba4d97162b0ac74","2025-10-27T16:19:11.767000","2025-10-27T16:19:11.767000","68d6c74511c551c2152b265e","chaimovsky.d@gmail.com","false"
"false","4","[""שחור"",""זהב"",""לבן""]","","","הכירו את מסגרת 30-40 – הבחירה המושלמת להצגת זיכרונות אהובים! בעיצוב אלגנטי ושילוב חומרי גובה איכותיים, המסגרת תוסיף נגיעת סטייל לכל חלל בביתכם, ותבטיח שהרגעים המיוחדים שלכם ייראו במיטבם לאורך שנים.","5","","10","","","","49","","","[""men"",""office"",""gifts"",""home"",""teachers"",""women""]","","30","[]","","any","","true","[]","","מסגרת 30-40","40","[""hanging""]","false","","תמונות במסגרת","","","","68fe0d870fc0830549f54b2e","2025-10-26T12:01:11.493000","2025-11-09T01:38:07.618000","anonymous","anonymous","false"
"false","0","[]","","","עץ דק מיועד לתליה
גודל 30*40","5","","","","","","89","","","[""home"",""women"",""gifts"",""office""]","","40","[]","","any","","true","","","סטיקווד 30*40","30","[""hanging""]","","","canvas","","","","68fdfb91b5008f20ab6323ee","2025-10-26T10:44:33.592000","2025-10-26T10:44:33.592000","anonymous","anonymous","false"
"false","0","[]","","","מגנט גדול לתמונה משפחתית שבא לכם שכולם יראו ","","","","","","","10","","","[""men"",""office"",""gifts"",""children"",""home"",""teachers"",""women""]","","15","[]","","any","","true","","","מגנט 20*15","20","[""hanging"",""not_relevant""]","","","הדפסות","","","","68f94f6e7bfe58d66e529251","2025-10-22T21:41:02.678000","2025-10-22T21:41:02.678000","68d6c74511c551c2152b265e","chaimovsky.d@gmail.com","false"
"false","6","[]","","","מגנט בגודל של תמונה סטנדרטית. מתנה שתמיד יש לה מקום :)","","","","","","","5","","","[""children"",""gifts"",""office"",""men"",""women"",""teachers"",""home""]","","10","[]","","any","","true","","","מגנט 15*10","15","[""hanging"",""not_relevant""]","","","הדפסות","","","","68f94f2c40283c66132dc571","2025-10-22T21:39:56.398000","2025-10-22T21:39:56.398000","68d6c74511c551c2152b265e","chaimovsky.d@gmail.com","false"
"false","0","[]","","","מידה 30*45","","","","","","","59","https://base44.app/api/apps/68d6c74511c551c2152b265d/files/public/68d6c74511c551c2152b265d/c83fc2e08_WhatsAppImage2025-10-22at111705.jpeg","","[""men"",""home"",""office"",""gifts""]","","45","[]","","any","","true","","","מסגרת מעוטרת גדולה","30","[""hanging""]","","","תמונות במסגרת","","","","68f89c0e5fd121ad9370fc7a","2025-10-22T08:55:42.652000","2025-10-22T08:55:42.652000","anonymous","anonymous","false"
"false","0","[]","","","","","false","10","","","","35","https://base44.app/api/apps/68d6c74511c551c2152b265d/files/public/68d6c74511c551c2152b265d/5920a9d20_WhatsAppImage2025-10-22at1117092.jpeg","","[""office"",""home"",""teachers""]","regular","21","[]","","any","","true","[]","","מסגרת איי 4 מסגרת רחבה","29","[""hanging""]","false","","תמונות במסגרת","","","","68f89b78a6954dba5c49bd6d","2025-10-22T08:53:12.081000","2025-11-21T21:22:07.938000","anonymous","anonymous","false"
"false","0","[]","","","","","","","","","","15","https://base44.app/api/apps/68d6c74511c551c2152b265d/files/public/68d6c74511c551c2152b265d/f48084689_WhatsAppImage2025-10-22at1117093.jpeg","","[""teachers"",""home"",""men"",""children"",""office"",""gifts"",""women""]","","18","[]","","any","","true","","","מסגרת 13-18","13","[""standing"",""hanging"",""both""]","","","תמונות במסגרת","","","","68f89b3c923b45bc218ed307","2025-10-22T08:52:12.906000","2025-10-22T08:52:12.906000","anonymous","anonymous","false"
"false","17","[]","","","החלק התחתון מובנה גודל כולל של המסגרת כ 30*30","5","","","","","","60","https://base44.app/api/apps/68d6c74511c551c2152b265d/files/public/68d6c74511c551c2152b265d/1c73cdab1_WhatsAppImage2025-10-22at1117082.jpeg","","[""women"",""home"",""gifts""]","","20","[]","","landscape","","true","","","מסגרת LOVE גדולה","25","[""standing"",""hanging"",""both""]","","","תמונות במסגרת","","","","68f89ad261b563ee2c4cdbb0","2025-10-22T08:50:26.190000","2025-10-26T10:37:24.557000","anonymous","anonymous","false"
"false","0","[""שחור"",""זהב מוברש"",""לבן""]","","","","0","false","10","","","","49","https://base44.app/api/apps/68d6c74511c551c2152b265d/files/public/68d6c74511c551c2152b265d/b897190cb_WhatsAppImage2025-10-22at1117091.jpeg","","[""office"",""home"",""teachers""]","regular","35","[]","","any","[]","true","[]","","מסגרת 25*35","25","[""hanging""]","false","","תמונות במסגרת","","","","68f89a94aff064463f4b0f70","2025-10-22T08:49:24.392000","2026-01-26T20:19:32.508000","anonymous","anonymous","false"
"false","0","[]","","","גודל 18*13","2","false","10","","","","39","https://base44.app/api/apps/68d6c74511c551c2152b265d/files/public/68d6c74511c551c2152b265d/6a0b75cbe_WhatsAppImage2025-10-22at1117101.jpeg","","[""men"",""office"",""home""]","regular","18","[]","","portrait","[]","true","[]","","מסגרת מתכת קעורה","13","[""standing""]","false","","תמונות במסגרת","","","","68f88618228234feb864e75d","2025-10-22T07:22:00.932000","2026-01-26T20:19:32.180000","anonymous","anonymous","false"
"false","0","[]","","","מיועד לתליה
כולל מנגנון. 
ספרות 3,6,9,12 מודפסות במיקום המתאים.","","","","","במרכז השעון יש מחוגים למנגנון ובקצוות מספרים - עדיף שבחלק החשוב בתמונה יהיה קצת מעל או קצת מתחת למרכז השעון","","49","https://base44.app/api/apps/68d6c74511c551c2152b265d/files/public/68d6c74511c551c2152b265d/1ae0b6f78_147215.jpg","","[""men"",""children"",""office"",""gifts"",""home"",""teachers"",""women""]","","29","[]","","portrait","","true","","","שעון אלומיניום איי 4","20","[""hanging""]","","","הדפסות","","","","68f8739c3b7e4a521c0ab0b4","2025-10-22T06:03:08.686000","2025-10-26T10:39:56.215000","anonymous","anonymous","false"
"false","0","[]","","","דובי בגובה 40 ס""מ – חבר מושלם לכל ילד! עם רכותו הנעימה ועיצובו החמוד, הוא מציע שעות של חיבוקים, משחקים ודמיון. מתנה אידיאלית לכל אירוע, שיגנוב את הלבבות ויתפוס מקום של כבוד בחדר של כל ילד, או מבוגר עם נפש של ילד :) הדפסה על החולצה של הדובי","","","10","","הדפס יחסית קטן, תמונה ממוקדת או כיתוב ","","75","https://base44.app/api/apps/68d6c74511c551c2152b265d/files/public/68d6c74511c551c2152b265d/fcb070e6b_147214.jpg","","[""children"",""women""]","","8","[]","","any","","true","[]","","דובי גובה 40 ס''מ ","10","[""not_relevant""]","false","","ילדים ונוער","","","","68f87331b89f989497d27802","2025-10-22T06:01:21.140000","2025-11-09T01:39:34.389000","anonymous","anonymous","false"
"false","0","","","","הדפסה בשטח של 29-20, גודל הכיסוי כ 40*40","8","true","","","","","49","https://base44.app/api/apps/68d6c74511c551c2152b265d/files/public/68d6c74511c551c2152b265d/65f6e7b74_147213.jpg","","[""home"",""women"",""teachers"",""gifts""]","","20","[]","","any","","true","","","כיסוי חלה פרנסים זהב","29","[""not_relevant""]","","","טקסטיל","","","","68f872ce49224d42a83080dc","2025-10-22T05:59:42.805000","2025-11-10T10:37:52.473000","anonymous","anonymous","false"
"false","0","[]","","","","","false","10","[{""slotId"":""slot_1760882060643"",""label"":""תמונה 1"",""targetWidth"":7,""targetHeight"":5,""description"":"""",""shapeMaskUrl"":""""},{""slotId"":""slot_1760882064700"",""label"":""תמונה 2"",""targetWidth"":7,""targetHeight"":5,""description"":"""",""shapeMaskUrl"":""""}]","","","40","https://base44.app/api/apps/68d6c74511c551c2152b265d/files/public/68d6c74511c551c2152b265d/013411d35_148062.png","","[""office"",""gifts"",""children"",""men"",""women"",""teachers""]","regular","5","[]","","any","","true","[]","","מחזיק מפתחות מלבן דו צדדי","7","[""not_relevant""]","false","","הדפסות","","","","68f4eda3001f32018cd329d2","2025-10-19T13:54:43.119000","2025-11-21T21:22:07.927000","68d6c74511c551c2152b265e","chaimovsky.d@gmail.com","false"
"false","0","[]","","","""מחזיק המפתחות לב הוא השילוב המושלם בין עיצוב ייחודי לפונקציונליות. עם יצירתיות ושימוש בחומרים איכותיים, הוא לא רק שומר על המפתחות שלכם, אלא גם מוסיף טאץ' רומנטי לכל תיק או מפתח. מתנה מושלמת לאהובים ולתשומת לב ייחודית בכל רגע!""","","false","10","","","","35","https://base44.app/api/apps/68d6c74511c551c2152b265d/files/public/68d6c74511c551c2152b265d/ba3276165_148063.png","","[""gifts"",""children"",""men"",""women"",""teachers""]","regular","5.5","[]","https://base44.app/api/apps/68d6c74511c551c2152b265d/files/public/68d6c74511c551c2152b265d/41f436496_.png","any","","true","[]","","מחזיק מפתחות לב","5.5","[""not_relevant""]","false","","הדפסות","","","","68f4cf850e3d3a9398bc2629","2025-10-19T11:46:13.642000","2025-11-21T21:22:07.942000","68d6c74511c551c2152b265e","chaimovsky.d@gmail.com","false"
"false","0","[]","","","הלב עומד בהטייה על הצד ער רגליות","","true","","","הלב עומד בהטייה על הצד על רגליות","","129","https://base44.app/api/apps/68d6c74511c551c2152b265d/files/public/68d6c74511c551c2152b265d/64045724c_147285.jpg","","[""women"",""home"",""office""]","","20","[]","https://base44.app/api/apps/68d6c74511c551c2152b265d/files/public/68d6c74511c551c2152b265d/318c6f853_.png","any","","true","","","אבן בזלת לב גדול","20","[]","","","אבני בזלת וזכוכיות","","","","68f4cf4b237cf9c48cce1b6b","2025-10-19T11:45:15.380000","2025-11-10T10:37:53.305000","68d6c74511c551c2152b265e","chaimovsky.d@gmail.com","false"
"false","0","","","","","","true","","","","","35","https://base44.app/api/apps/68d6c74511c551c2152b265d/files/public/68d6c74511c551c2152b265d/0de728376_.png","","[""teachers"",""women"",""office"",""gifts"",""home""]","","20","[]","https://base44.app/api/apps/68d6c74511c551c2152b265d/files/public/68d6c74511c551c2152b265d/e9125bb9f_.png","any","","true","","","פד לעכבר לב","20","[""not_relevant""]","","","טקסטיל","","","","68f4ce6d5a46c628379bfa9d","2025-10-19T11:41:33.878000","2025-11-10T10:37:52.473000","68d6c74511c551c2152b265e","chaimovsky.d@gmail.com","false"
"false","0","[]","","","בלוק עץ בהדפסה ישירה גודל כ 17*17","0","true","10","","העדף תמונה עם הרבה רקע מסביב ודמויות ממורכזות","","70","https://base44.app/api/apps/68d6c74511c551c2152b265d/files/public/68d6c74511c551c2152b265d/68f849978_146895.jpg","","[""men"",""office"",""gifts"",""home"",""women""]","regular","17","[]","https://base44.app/api/apps/68d6c74511c551c2152b265d/files/public/68d6c74511c551c2152b265d/6c9885034_.png","any","[]","true","[]","","בלוק משושה","17","[""standing""]","false","","wood_block","","","","68f4a3a3100bc521e7e81108","2025-10-19T08:38:59.919000","2026-01-26T20:19:32.226000","68d6c74511c551c2152b265e","chaimovsky.d@gmail.com","false"
"false","0","","","","","","","","","","","35","https://base44.app/api/apps/68d6c74511c551c2152b265d/files/public/68d6c74511c551c2152b265d/f883531be_146849.png","","[""men"",""children"",""office"",""gifts"",""home"",""teachers"",""women""]","","6","[]","https://base44.app/api/apps/68d6c74511c551c2152b265d/files/public/68d6c74511c551c2152b265d/bb65aa1f5_146850.png","any","","true","","","מחזיק מפתחות אקרילי עיגול","6","[""not_relevant""]","","","הדפסות","","","","68f3f2959f28ffc168aa9a4d","2025-10-18T20:03:33.652000","2025-10-18T20:20:23.573000","68d6c74511c551c2152b265e","chaimovsky.d@gmail.com","false"
"false","12","[]","","","ניתן להוסיף מילוי בתוספת של 15₪
שימו לב שטח ההדפסה הוא מקסימום 29*20 ולא כל שטח הכרית","","true","10","","שימו לב גודל ההדפסה הוא איי 4, לא ממלא את כל שטח הכרית","","35","https://base44.app/api/apps/68d6c74511c551c2152b265d/files/public/68d6c74511c551c2152b265d/c22c1bfde_146838.jpg","","[""women"",""children"",""home"",""gifts""]","regular","28","[]","","any","[""https://base44.app/api/apps/68d6c74511c551c2152b265d/files/public/68d6c74511c551c2152b265d/6ee3dca75_IMG_20241014_124836.jpg""]","true","[]","","ציפית לכרית נוי 40*40","29","[""not_relevant""]","false","","טקסטיל","","","","68f3df5963c6f1e415143cb2","2025-10-18T18:41:29.738000","2025-12-03T08:49:29.918000","anonymous","anonymous","false"
"false","33","[]","","","גם לרוחב וגם לגובה גם להעמדה וגם לתליה ","","","","","","","29","https://base44.app/api/apps/68d6c74511c551c2152b265d/files/public/68d6c74511c551c2152b265d/ee8c52d6e_146833.jpg","","[""men"",""women"",""office"",""gifts"",""children"",""teachers"",""home""]","","25","[]","","any","","true","","","מסגרת עץ 20*25 דק","20","[""hanging"",""standing"",""both""]","","","תמונות במסגרת","","","","68f3de9c78d62dbb81b9dd8c","2025-10-18T18:38:20.592000","2025-10-22T21:28:39.985000","anonymous","anonymous","false"
"false","15","[]","","","מתאים גם לרוחב וגם לגובה, גם להעמדה וגם לתליה","24","","","","","","19","https://base44.app/api/apps/68d6c74511c551c2152b265d/files/public/68d6c74511c551c2152b265d/a4f09f8c8_146834.jpg","","[""men"",""children"",""teachers"",""home"",""gifts"",""women"",""office""]","","13","[]","","any","","true","","","מסגרת 13*18 עץ דק","18","[""hanging"",""standing"",""both""]","","","תמונות במסגרת","","","","68f3de70747474a925fb674a","2025-10-18T18:37:36.034000","2025-10-29T14:11:33.181000","anonymous","anonymous","false"
"false","0","","","","","","","","","","","25","https://base44.app/api/apps/68d6c74511c551c2152b265d/files/public/68d6c74511c551c2152b265d/e4dcf97f9_146835.jpg","","[""men"",""children"",""office"",""teachers"",""women"",""home""]","","15","[]","","any","","true","","","מסגרת עץ עמוקה 15*15","15","[""both"",""hanging"",""standing""]","","","תמונות במסגרת","","","","68f3de3537a7b8050db87cdc","2025-10-18T18:36:37.110000","2025-10-18T18:36:37.110000","anonymous","anonymous","false"
"false","0","","","","","","","","[]","","","49","https://base44.app/api/apps/68d6c74511c551c2152b265d/files/public/68d6c74511c551c2152b265d/bab27c543_146837.jpg","","[""children"",""home""]","","21","[]","","landscape","","true","","","תיבת צעצועים מכסה ורוד","24","[""not_relevant""]","","","ילדים ונוער","","","","68f3ddfd24d434da187c410d","2025-10-18T18:35:41.294000","2025-10-21T21:05:57.017000","anonymous","anonymous","false"
"false","0","","","","מידה 22*18","","true","","[]","עדיף לעצב לרוחב. פשוט כי כל יותר נח לשימוש","","35","https://base44.app/api/apps/68d6c74511c551c2152b265d/files/public/68d6c74511c551c2152b265d/b11b05b20_146824.jpg","","[""office"",""men"",""teachers"",""gifts"",""women"",""home""]","","18","[]","","any","","true","","","פד לעכבר  מלבני","22","[""not_relevant""]","","","טקסטיל","","","","68f3dbcebfb4bb86626fffb5","2025-10-18T18:26:22.296000","2025-11-10T10:37:52.473000","anonymous","anonymous","false"
"false","0","","","","","","","","","","","79","https://base44.app/api/apps/68d6c74511c551c2152b265d/files/public/68d6c74511c551c2152b265d/b11e2b4e4_146820.jpg","","[""women"",""children""]","","18","[]","","any","","true","","","מראת הפלא ","13","[""standing""]","","","המומלצים שלנו","","","","68f0993464cbac4acb686c56","2025-10-16T07:05:24.270000","2025-10-18T18:18:58.894000","68d6c74511c551c2152b265e","chaimovsky.d@gmail.com","false"
"false","22","[]","","","מטען אלחוטי לטלפונים תומכים בתקן Qi
המטען עצמו צריך חיבור לחשמל או למחשב","0","false","10","","","","89","https://base44.app/api/apps/68d6c74511c551c2152b265d/files/public/68d6c74511c551c2152b265d/318e30db1_146830.jpg","","[""gifts"",""office"",""men"",""teachers"",""home""]","regular","15","[]","","portrait","[""https://base44.app/api/apps/68d6c74511c551c2152b265d/files/public/68d6c74511c551c2152b265d/2ca27e94b_156401.jpg""]","true","[]","","מטען אלחוטי עץ","10","[""not_relevant"",""standing""]","false","","המומלצים שלנו","","","","68ebc2934070fb8b351669a5","2025-10-12T15:00:35.349000","2026-04-17T08:02:29.007000","68d6c74511c551c2152b265e","chaimovsky.d@gmail.com","false"
"false","0","[]","","","גלה את הספל עם הכפית המובנית, המעניק לך פתרון מושלם לשתייה שקל לקחת לכל מקום! בעיצוב אלגנטי ונעים למגע, הספל אידיאלי לקפה, תה או שוקו חם, ומשדר את הסגנון והנוחות המושלמים לכל יום.","","","10","","","","50","https://base44.app/api/apps/68d6c74511c551c2152b265d/files/public/68d6c74511c551c2152b265d/f4f4a5475_146841.jpg","","[""men"",""children"",""gifts"",""home"",""teachers""]","","9","[]","","landscape","","true","[]","","ספל עם כפית - כחול","22","[""not_relevant""]","false","","כוסות_ובקבוקים","","","","68e77db85cd3cf40b0c1f52c","2025-10-09T09:17:44.516000","2025-11-09T05:57:56.418000","68d6c74511c551c2152b265e","chaimovsky.d@gmail.com","false"
"false","0","","","","בקבוק ספורט","","","","[]","","","49","","","[""men"",""children"",""women"",""teachers"",""gifts""]","","11","[]","","any","","true","","","בקבוק ספורט אלומיניום פקק שקוף","8","[""not_relevant""]","","","כוסות_ובקבוקים","","","","68e777f2f8141941b32cfec9","2025-10-09T08:53:06.338000","2025-10-21T21:03:41.532000","68d6c74511c551c2152b265e","chaimovsky.d@gmail.com","false"
"false","28","[]","","","כוס תרמית עם חיבור למעטן הרכב או USB לחימום אקטיבי של הקפה","8","false","10","","","","79","https://base44.app/api/apps/68d6c74511c551c2152b265d/files/public/68d6c74511c551c2152b265d/38f395ee9_146829.jpg","","[""women"",""teachers"",""men"",""gifts""]","regular","8","[]","","landscape","[""https://base44.app/api/apps/68d6c74511c551c2152b265d/files/public/68d6c74511c551c2152b265d/82814fd78_IMG20240521140017.jpg""]","true","[]","","כוס תרמית לרכב עם חימום אקטיבי","22","[""not_relevant""]","false","","כוסות_ובקבוקים","","","","68e767374a8205cf86b43882","2025-10-09T07:41:43.825000","2026-03-08T10:30:06.801000","68d6c74511c551c2152b265e","chaimovsky.d@gmail.com","false"
"false","0","","","","סינר לבן עם הדפסה גודל איי4","","","","","ההדפסה היא לא על שטח כל הסינר. הדפסה בשטח איי 4 בלבד!","","35","https://base44.app/api/apps/68d6c74511c551c2152b265d/files/public/68d6c74511c551c2152b265d/ba701c714_143123.png","","[]","","30","[]","","any","","true","","","סינר מבוגר","20","[""not_relevant""]","","","other","","","","68d81b28b97b4efa56639af9","2025-09-27T17:13:12.100000","2025-09-27T18:13:00.998000","68d6c74511c551c2152b265e","chaimovsky.d@gmail.com","false"
"false","29","[]","","","","","true","10","","","","59","https://base44.app/api/apps/68d6c74511c551c2152b265d/files/public/68d6c74511c551c2152b265d/4585adec1_IMG_20241105_151000.jpg","","[""office"",""gifts"",""home"",""teachers"",""women""]","regular","21","[]","","any","[""https://base44.app/api/apps/68d6c74511c551c2152b265d/files/public/68d6c74511c551c2152b265d/7f3ca519d_IMG_20241105_150756.jpg""]","true","[]","","בלאק בלוק איי 4 עם רגלית","29","[""hanging"",""standing"",""both""]","false","","wood_block","","","","68d79f35d4496d149539cc5c","2025-09-27T08:24:21.026000","2025-12-04T19:57:24.948000","68d6c74511c551c2152b265e","chaimovsky.d@gmail.com","false"
"false","0","[]","","","","0","false","10","","","","89","https://base44.app/api/apps/68d6c74511c551c2152b265d/files/public/68d6c74511c551c2152b265d/c663722e2_146831.jpg","","[""men"",""women"",""teachers"",""office"",""home"",""gifts""]","regular","10","[]","","landscape","[]","true","[]","","מטען אלחוטי עם תמונה","15","[""standing""]","false","","המומלצים שלנו","","","","68d79f35d4496d149539cc34","2025-09-27T08:24:21.026000","2026-04-17T08:02:42.260000","68d6c74511c551c2152b265e","chaimovsky.d@gmail.com","false"
"false","0","[]","","","","0","false","10","","","","29","https://base44.app/api/apps/68d6c74511c551c2152b265d/files/public/68d6c74511c551c2152b265d/970ba8edf_13179.jpg","","[""office"",""home"",""men"",""women""]","regular","25","[]","","any","[]","true","[]","","מסגרת 20*25 עץ דק","20","[""standing"",""hanging"",""both""]","false","","תמונות במסגרת","","","","68d79f35d4496d149539cc37","2025-09-27T08:24:21.026000","2026-02-01T10:08:38.512000","68d6c74511c551c2152b265e","chaimovsky.d@gmail.com","false"
"false","0","","","","עמיד לחום ולמדיח.","","","","[]","","","45","https://base44.app/api/apps/68d6c74511c551c2152b265d/files/public/68d6c74511c551c2152b265d/911f95a74_142964.jpg","","[""children""]","","9","[]","","landscape","","true","","","ספל פלסטיק עמיד","22","[""not_relevant""]","","","כוסות_ובקבוקים","","","","68d79f35d4496d149539cc4f","2025-09-27T08:24:21.026000","2025-10-21T21:03:38.008000","68d6c74511c551c2152b265e","chaimovsky.d@gmail.com","false"
"false","0","","","","","","","","","","","29","https://base44.app/api/apps/68d6c74511c551c2152b265d/files/public/68d6c74511c551c2152b265d/15f85dced_146843.jpg","","[""men"",""women"",""children"",""teachers"",""office"",""home"",""gifts""]","","5","[]","","any","","true","","","מחזיק מפתחות מלבן - עץ","7","[""not_relevant""]","","","כוסות_ובקבוקים","","","","68d79f35d4496d149539cc40","2025-09-27T08:24:21.026000","2025-10-18T18:45:18.435000","68d6c74511c551c2152b265e","chaimovsky.d@gmail.com","false"
"false","0","","","","","","true","","","","","119","","","[""men"",""women"",""office"",""home""]","","","[]","","any","","true","","","אבן בזלת לב גדול","","[""standing""]","","","אבני בזלת וזכוכיות","","","","68d79f35d4496d149539cc4a","2025-09-27T08:24:21.026000","2025-11-10T10:37:53.305000","68d6c74511c551c2152b265e","chaimovsky.d@gmail.com","false"
"false","0","","","","","","","","","","","40","","","[""children"",""home""]","","10","[]","","landscape","","true","","","מסגרת שלג מלבנית","15","[""standing""]","","","ילדים ונוער","","","","68d79f35d4496d149539cc35","2025-09-27T08:24:21.026000","2025-09-27T18:12:31.975000","68d6c74511c551c2152b265e","chaimovsky.d@gmail.com","false"
"false","0","","","","מתאים בעיקר לגרפיקה, פחות לתמונות","","","","[]","","","50","","","[""men"",""women"",""teachers"",""office"",""gifts"",""children""]","","21","[]","","portrait","","true","","","מחברת קנבס","14","[""not_relevant""]","","","הדפסות","","","","68d79f35d4496d149539cc36","2025-09-27T08:24:21.026000","2025-10-21T21:05:57.965000","68d6c74511c551c2152b265e","chaimovsky.d@gmail.com","false"
"false","0","[""שחור"",""לבן"",""עץ דובדבן""]","","","גודל 30-30","","","","","","","49","https://base44.app/api/apps/68d6c74511c551c2152b265d/files/public/68d6c74511c551c2152b265d/876385945_WhatsAppImage2025-10-22at1117081.jpeg","","[""office"",""home"",""gifts"",""men"",""women"",""teachers""]","","30","[]","","any","","true","","","מסגרת אינסטגרם  גדולה","30","[""hanging""]","","","תמונות במסגרת","","","","68d79f35d4496d149539cc31","2025-09-27T08:24:21.026000","2025-10-22T08:47:51.592000","68d6c74511c551c2152b265e","chaimovsky.d@gmail.com","false"
"false","0","","","","","0","","","","","","69","","","[]","","8","[]","","any","","true","","","כוס תרמית איכותית תחתית עץ","8","[""not_relevant""]","","","ללא קטגוריה","","","","68d79f35d4496d149539cc50","2025-09-27T08:24:21.026000","2025-10-18T18:32:55.830000","68d6c74511c551c2152b265e","chaimovsky.d@gmail.com","false"
"false","0","","","","","","","","","","","49","https://base44.app/api/apps/68d6c74511c551c2152b265d/files/public/68d6c74511c551c2152b265d/598643f33_146836.jpg","","[""children"",""home""]","","21","[]","","landscape","","true","","","תיבת צעצועים מכסה כחול","24","[""not_relevant""]","","","ילדים ונוער","","","","68d79f35d4496d149539cc49","2025-09-27T08:24:21.026000","2025-10-18T18:35:01.080000","68d6c74511c551c2152b265e","chaimovsky.d@gmail.com","false"
"false","42","[]","","","הדפסה אישית על ספל קפה איכותי. עמיד בשטיפה במדיח כלים. ניתן להדפיס תמונות, לוגואים או כל טקסט שתבחרו. מתנה מושלמת לכל אירוע.","","","","","","","39","https://base44.app/api/apps/68d6c74511c551c2152b265d/files/public/68d6c74511c551c2152b265d/2fe068cb9_143119.jpg","","[""men"",""women"",""children"",""teachers"",""office"",""home"",""gifts""]","","9","[]","","landscape","","true","","","ספל קרמיקה","22","[""not_relevant""]","","","כוסות_ובקבוקים","","","","68d79f35d4496d149539cc62","2025-09-27T08:24:21.026000","2025-10-22T21:26:58.062000","68d6c74511c551c2152b265e","chaimovsky.d@gmail.com","false"
"false","0","","","","","","","","","","","120","","","[]","","","[]","","any","","true","","","מגש שיש, שלישית בלוקים, זוג נרות זכוכית","","[""standing""]","","","המומלצים שלנו","","","","68d79f35d4496d149539cc53","2025-09-27T08:24:21.026000","2025-09-27T18:12:50.541000","68d6c74511c551c2152b265e","chaimovsky.d@gmail.com","false"
"false","28","[]","","","בקבוק תרמי סוויס עם פקק עץ, שמאפשר לכם להדפיס את התמונות והעיצובים האישיים שלכם. מתנה מיוחדת שיכולה לשדרג כל רגע ביום ולשמור על חום המשקה שלכם, עם טאץ' אישי שאין כמותו.","0","false","10","","","","89","https://base44.app/api/apps/68d6c74511c551c2152b265d/files/public/68d6c74511c551c2152b265d/feddbb9dd_146832.jpg","","[""men"",""women"",""teachers"",""gifts""]","regular","9","[]","","portrait","[""https://base44.app/api/apps/68d6c74511c551c2152b265d/files/public/68d6c74511c551c2152b265d/ba468b57f_IMG_20241105_145846.jpg""]","true","[]","","בקבוק תרמי סוויס פקק עץ","8","[""not_relevant""]","false","","כוסות_ובקבוקים","","","","68d79f35d4496d149539cc4e","2025-09-27T08:24:21.026000","2025-12-03T08:46:39.069000","68d6c74511c551c2152b265e","chaimovsky.d@gmail.com","false"
"false","0","[""שחור"",""לבן"",""עץ כהה""]","","","","","","","","","","20","https://base44.app/api/apps/68d6c74511c551c2152b265d/files/public/68d6c74511c551c2152b265d/4383dcc51_WhatsAppImage2025-10-22at111710.jpeg","","[""children"",""teachers"",""office"",""home""]","","15","[]","","any","","true","","","מסגרת איי 5","21","[""hanging"",""standing"",""both""]","","","תמונות במסגרת","","","","68d79f35d4496d149539cc46","2025-09-27T08:24:21.026000","2025-10-22T08:46:44.398000","68d6c74511c551c2152b265e","chaimovsky.d@gmail.com","false"
"false","18","[]","","","מחזיק עץ צד אחד בהדפסה ישירה","","false","10","","","","35","https://base44.app/api/apps/68d6c74511c551c2152b265d/files/public/68d6c74511c551c2152b265d/1eba52f71_148061.png","","[""men"",""women"",""children"",""teachers"",""gifts""]","regular","7","[]","","any","","true","[]","","מחזיק מפתחות עץ מלבן","5","[""not_relevant""]","false","","הדפסות","","","","68d79f35d4496d149539cc3a","2025-09-27T08:24:21.026000","2025-11-21T21:22:07.941000","68d6c74511c551c2152b265e","chaimovsky.d@gmail.com","false"
"false","0","[]","","","שימו לב שטח ההדפסה הוא מקסימום 29*20 ולא כל שטח הכרית","","true","","","","","35","https://base44.app/api/apps/68d6c74511c551c2152b265d/files/public/68d6c74511c551c2152b265d/70ee6748d_146839.jpg","","[""men"",""women"",""children"",""home"",""gifts""]","","21","[]","","any","","true","","","ציפית לכרית שינה","29","[""not_relevant""]","","","טקסטיל","","","","68d79f35d4496d149539cc41","2025-09-27T08:24:21.026000","2025-11-10T10:37:52.473000","68d6c74511c551c2152b265e","chaimovsky.d@gmail.com","false"
"false","0","","","","","","","","[]","","","65","","","[""women"",""teachers"",""office"",""home"",""gifts""]","","","[]","","any","","false","","","מסגרת בוהו 3 תמונות","","[""hanging"",""standing"",""both""]","","","תמונות במסגרת","","","","68d79f35d4496d149539cc43","2025-09-27T08:24:21.026000","2025-10-21T21:04:32.790000","68d6c74511c551c2152b265e","chaimovsky.d@gmail.com","false"
"false","33","[]","","","ספל הפלא - כשקר הספל שחור - כששמים בפנים קפה, שוקו או כל משקה חם שאוהבים התמונה שהדפסתם מתגלה","36","false","10","","","","50","https://base44.app/api/apps/68d6c74511c551c2152b265d/files/public/68d6c74511c551c2152b265d/8c9c4ee42_143118.jpg","","[""men"",""women"",""children"",""teachers"",""office"",""home"",""gifts""]","regular","9","[]","","landscape","[]","true","[]","","ספל פלא","22","[""not_relevant""]","false","","כוסות_ובקבוקים","","","","68d79f35d4496d149539cc54","2025-09-27T08:24:21.026000","2026-03-11T10:05:27.211000","68d6c74511c551c2152b265e","chaimovsky.d@gmail.com","false"
"false","0","[]","","","גודל 20*20. מתאים לחדרים או חללים קטנים
ניתן לשלב כמה יחידות לעיצוב קיר אלגנטי ","","","","","","","69","https://base44.app/api/apps/68d6c74511c551c2152b265d/files/public/68d6c74511c551c2152b265d/c6939666a_143017.jpg","","[""women"",""office"",""home"",""gifts""]","","20","[]","","any","","true","","","קנבס ריבוע קטן","20","[""hanging""]","","","canvas","","","","68d79f35d4496d149539cc5f","2025-09-27T08:24:21.026000","2025-10-26T10:42:29.726000","68d6c74511c551c2152b265e","chaimovsky.d@gmail.com","false"
"false","0","","","","","","","","[]","","","45","","","[""women"",""children"",""teachers"",""gifts"",""office"",""home""]","","9","[]","","landscape","","true","","","ספל ידית לב ורודה","22","[""not_relevant""]","","","כוסות_ובקבוקים","","","","68d79f35d4496d149539cc3c","2025-09-27T08:24:21.026000","2025-10-21T21:03:37.137000","68d6c74511c551c2152b265e","chaimovsky.d@gmail.com","false"
"false","0","","","","","","","","","","","59","","","[""children"",""home""]","","","[]","","any","","false","","","קוביה מסתובבת","","[""standing""]","","","ילדים ונוער","","","","68d79f35d4496d149539cc33","2025-09-27T08:24:21.026000","2025-10-18T18:46:46.442000","68d6c74511c551c2152b265e","chaimovsky.d@gmail.com","false"
"false","0","[]","","","קנבס בגודל 30*30
מתאים לחדרים.
ניתן לשלב כמה יחידות לעיצוב קיר אלגנטי ","","","","","","","89","https://base44.app/api/apps/68d6c74511c551c2152b265d/files/public/68d6c74511c551c2152b265d/58bb71ce4_143017.jpg","","[""men"",""women"",""office"",""home"",""gifts""]","","30","[]","","any","","true","","","קנבס ריבוע בינוני","30","[""hanging""]","","","canvas","","","","68d79f35d4496d149539cc59","2025-09-27T08:24:21.026000","2025-10-26T10:43:21.791000","68d6c74511c551c2152b265e","chaimovsky.d@gmail.com","false"
"false","0","[]","","","ניתן להעלות 2 קבצים","","false","10","[]","","","40","","","[""men"",""women"",""children"",""teachers"",""office"",""home"",""gifts""]","regular","6","[]","","any","","false","[]","","מחזיק מפתחות פלסטיק דו צדדי","4","[""not_relevant""]","false","","הדפסות","","","","68d79f35d4496d149539cc3e","2025-09-27T08:24:21.026000","2025-11-21T21:22:07.922000","68d6c74511c551c2152b265e","chaimovsky.d@gmail.com","false"
"false","0","[]","","","גודל תמונה 10*10","","","","","","","25","https://base44.app/api/apps/68d6c74511c551c2152b265d/files/public/68d6c74511c551c2152b265d/76fa1e349_WhatsAppImage2025-10-22at111707.jpeg","","[""women"",""children"",""teachers"",""office"",""home"",""gifts""]","","10","[]","","any","","true","","","מסגרת פרח קטנה","10","[""both""]","","","תמונות במסגרת","","","","68d79f35d4496d149539cc32","2025-09-27T08:24:21.026000","2025-10-22T08:43:24.938000","68d6c74511c551c2152b265e","chaimovsky.d@gmail.com","false"
"false","0","[""צהוב"",""שחור"",""עץ דובדבן""]","","","גודל 20*20","","","","","","","29","https://base44.app/api/apps/68d6c74511c551c2152b265d/files/public/68d6c74511c551c2152b265d/c3a3de734_WhatsAppImage2025-10-22at1117102.jpeg","","[""gifts"",""home"",""office"",""teachers"",""women"",""men""]","","20","[]","","any","","true","","","מסגרת אינסטגרם בינוני","20","[""hanging"",""standing"",""both""]","","","תמונות במסגרת","","","","68d79f35d4496d149539cc45","2025-09-27T08:24:21.026000","2025-10-22T08:42:55.050000","68d6c74511c551c2152b265e","chaimovsky.d@gmail.com","false"
"false","0","","","","","","true","","","","","50","https://base44.app/api/apps/68d6c74511c551c2152b265d/files/public/68d6c74511c551c2152b265d/8a53b431b_146826.jpg","","[]","","20","[]","","any","","true","","","בלוק עץ גדול","15","[""standing"",""both"",""hanging""]","","","wood_block","","","","68d79f35d4496d149539cc61","2025-09-27T08:24:21.026000","2025-11-10T10:36:12.734000","68d6c74511c551c2152b265e","chaimovsky.d@gmail.com","false"
"false","0","","","","","","true","","","","","129","","","[""men"",""office""]","","9","[]","","any","","true","","","אבן בזלת משולב חריטה","9","[""standing""]","","","אבני בזלת וזכוכיות","","","","68d79f35d4496d149539cc4c","2025-09-27T08:24:21.026000","2025-11-10T10:37:53.305000","68d6c74511c551c2152b265e","chaimovsky.d@gmail.com","false"
"false","0","[]","","","","","false","10","","","","49","https://base44.app/api/apps/68d6c74511c551c2152b265d/files/public/68d6c74511c551c2152b265d/1dd8fade1_146803.jpg","","[""children"",""home""]","regular","10","[]","","landscape","[""https://base44.app/api/apps/68d6c74511c551c2152b265d/files/public/68d6c74511c551c2152b265d/007beb0de_156391.jpg""]","true","[]","","מנורת לילה לילדים","15","[""not_relevant""]","false","","ילדים ונוער","","","","68d79f35d4496d149539cc48","2025-09-27T08:24:21.026000","2025-12-03T08:15:06.956000","68d6c74511c551c2152b265e","chaimovsky.d@gmail.com","false"
"false","0","","","","","","","","[]","","","49","","","[""men"",""women"",""children"",""teachers"",""gifts""]","","10","[]","","any","","true","","","בקבוק נירוסטה גליל","10","[""not_relevant""]","","","כוסות_ובקבוקים","","","","68d79f35d4496d149539cc52","2025-09-27T08:24:21.026000","2025-10-21T21:03:36.267000","68d6c74511c551c2152b265e","chaimovsky.d@gmail.com","false"
"false","0","[]","","","","20","false","10","","","","65","https://base44.app/api/apps/68d6c74511c551c2152b265d/files/public/68d6c74511c551c2152b265d/7152bc443_143117.jpg","","[""men"",""women"",""teachers"",""office"",""gifts""]","regular","7","[]","","any","[""https://base44.app/api/apps/68d6c74511c551c2152b265d/files/public/68d6c74511c551c2152b265d/bac5a7cb8_IMG20230523131107.jpg"",""https://base44.app/api/apps/68d6c74511c551c2152b265d/files/public/68d6c74511c551c2152b265d/0e747a308_IMG20230604224514.jpg""]","true","[]","","כוס תרמית האג מאג","7","[""not_relevant""]","false","","כוסות_ובקבוקים","","","","68d79f35d4496d149539cc51","2025-09-27T08:24:21.026000","2026-01-26T20:19:32.186000","68d6c74511c551c2152b265e","chaimovsky.d@gmail.com","false"
"false","28","[]","","","קנבס בגודל 20*30 ס''מ 
כולל עיטוף גלריה ללא תוספת תשלום 
מתאים לחדרים, לברכה להוקרה וכדומה ","","","","","","","79","https://base44.app/api/apps/68d6c74511c551c2152b265d/files/public/68d6c74511c551c2152b265d/506196886_143033.jpg","","[""men"",""women""]","","20","[]","","any","","true","","","קנבס מלבני איי 4","30","[""hanging""]","","","canvas","","","","68d79f35d4496d149539cc5a","2025-09-27T08:24:21.026000","2025-10-26T10:41:53.057000","68d6c74511c551c2152b265e","chaimovsky.d@gmail.com","false"
"false","0","","","","","","true","","","","","149","https://base44.app/api/apps/68d6c74511c551c2152b265d/files/public/68d6c74511c551c2152b265d/583b1c7d7_146823.jpg","","[""women"",""men"",""teachers"",""office"",""home""]","","15","[]","","any","","true","","","קריסטל עבה","20","[""standing""]","","","אבני בזלת וזכוכיות","","","","68d79f35d4496d149539cc3f","2025-09-27T08:24:21.026000","2025-11-10T10:37:53.305000","68d6c74511c551c2152b265e","chaimovsky.d@gmail.com","false"
"false","0","","","","","","true","","","","","30","https://base44.app/api/apps/68d6c74511c551c2152b265d/files/public/68d6c74511c551c2152b265d/7bf63b10f_146828.jpg","","[]","","10","[]","","any","","true","","","בלוק עץ קטן ריבוע","10","[""hanging"",""standing"",""both""]","","","wood_block","","","","68d79f35d4496d149539cc5e","2025-09-27T08:24:21.026000","2025-11-10T10:36:12.734000","68d6c74511c551c2152b265e","chaimovsky.d@gmail.com","false"
"false","0","[]","","","","0","true","10","","","","69","https://base44.app/api/apps/68d6c74511c551c2152b265d/files/public/68d6c74511c551c2152b265d/45185a4bb_147287.jpg","","[""men"",""women"",""office"",""home""]","regular","15","[]","","any","[]","true","[]","","אבן בזלת ריבוע בינוני","15","[""standing""]","false","","אבני בזלת וזכוכיות","","","","68d79f35d4496d149539cc4d","2025-09-27T08:24:21.026000","2026-01-26T20:19:32.199000","68d6c74511c551c2152b265e","chaimovsky.d@gmail.com","false"
"false","39","[]","","","קנבס במידה 60*40 ס''מ 
כולל עיטוף גלריה ללא תוספת תשלום","","","","","","","149","https://base44.app/api/apps/68d6c74511c551c2152b265d/files/public/68d6c74511c551c2152b265d/48b93c236_143033.jpg","","[""men"",""women"",""office"",""home"",""gifts""]","","40","[]","","any","","true","","","קנבס מלבן גדול","60","[""hanging""]","","","canvas","","","","68d79f35d4496d149539cc56","2025-09-27T08:24:21.026000","2025-10-22T21:23:45.026000","68d6c74511c551c2152b265e","chaimovsky.d@gmail.com","false"
"false","0","[]","","","","10","true","","","","","129","https://base44.app/api/apps/68d6c74511c551c2152b265d/files/public/68d6c74511c551c2152b265d/62950094a_147286.jpg","","[""men"",""women"",""office"",""home""]","","20","[]","","any","","true","","","אבן בזלת גדולה","29","[""standing""]","","","אבני בזלת וזכוכיות","","","","68d79f35d4496d149539cc4b","2025-09-27T08:24:21.026000","2025-11-10T10:37:53.305000","68d6c74511c551c2152b265e","chaimovsky.d@gmail.com","false"
"false","0","","","","מארז מושלם ורומנטי הכולל זוג זכוכיות בהדפסה ישירה, סוקולנט בכיתוב אהבה ומגש עץ בעיצוב שיש.","","","","","","","189","","","[""women"",""office"",""home""]","","","[]","","any","","true","","","מארז אהבה","","[""standing""]","","","המומלצים שלנו","","","","68d79f35d4496d149539cc3d","2025-09-27T08:24:21.026000","2025-09-27T18:12:37.152000","68d6c74511c551c2152b265e","chaimovsky.d@gmail.com","false"
"false","27","[]","","","","","","10","[{""slotId"":""slot_1760815300914"",""label"":""תמונה 1"",""targetWidth"":10,""targetHeight"":15,""description"":""צד ימין"",""shapeMaskUrl"":null},{""slotId"":""slot_1760815318866"",""label"":""תמונה 2"",""targetWidth"":10,""targetHeight"":10,""description"":""צד שמאל"",""shapeMaskUrl"":null}]","","","59","https://base44.app/api/apps/68d6c74511c551c2152b265d/files/public/68d6c74511c551c2152b265d/f22d50f99_146845.jpg","","[""men"",""office"",""gifts"",""teachers"",""home"",""women""]","","","[]","","any","","true","[]","","מסגרת בוהו מעוצבת 2 תמונות","","[""hanging"",""standing"",""both""]","false","","תמונות במסגרת","","","","68d79f35d4496d149539cc44","2025-09-27T08:24:21.026000","2025-11-08T19:40:55.954000","68d6c74511c551c2152b265e","chaimovsky.d@gmail.com","false"
"false","0","[]","","","קנבס בגודל 30*40. מתאים לילדים קטנים, מסדרון וחדרים. ","","","","","","","99","https://base44.app/api/apps/68d6c74511c551c2152b265d/files/public/68d6c74511c551c2152b265d/511ccd6a6_143033.jpg","","[""men"",""women"",""office"",""home"",""gifts""]","","40","[]","","any","","true","","","קנבס מלבן בינוני","30","[""hanging""]","","","canvas","","","","68d79f35d4496d149539cc57","2025-09-27T08:24:21.026000","2025-10-26T10:41:31.115000","68d6c74511c551c2152b265e","chaimovsky.d@gmail.com","false"
"false","0","","","","גודל 40*40","","","","[]","","","129","https://base44.app/api/apps/68d6c74511c551c2152b265d/files/public/68d6c74511c551c2152b265d/4c4380d9a_143017.jpg","","[""women"",""men"",""office"",""home"",""gifts""]","","40","[]","","any","","true","","","קנבס ריבוע גדול","40","[""hanging""]","","","canvas","","","","68d79f35d4496d149539cc58","2025-09-27T08:24:21.026000","2025-10-21T21:01:54.425000","68d6c74511c551c2152b265e","chaimovsky.d@gmail.com","false"
"false","0","","","","","","true","","","","","79","","","[]","","19","[]","","any","","true","","","בלוק עץ בהדפסה ישירה גדול","26","[""standing""]","","","wood_block","","","","68d79f35d4496d149539cc39","2025-09-27T08:24:21.026000","2025-11-10T10:36:12.734000","68d6c74511c551c2152b265e","chaimovsky.d@gmail.com","false"
"false","0","[]","","","גודל הזכוכית 20*20 סנטימטרים 
הדפסה ישירה","","true","","","","","99","","","[""men"",""women"",""office"",""home"",""gifts"",""teachers""]","","20","[]","","any","","true","","","זכוכית דקה ריבוע","20","[""standing""]","","","אבני בזלת וזכוכיות","","","","68d79f35d4496d149539cc42","2025-09-27T08:24:21.026000","2025-11-10T10:37:53.305000","68d6c74511c551c2152b265e","chaimovsky.d@gmail.com","false"
"false","0","","","","","","","","","","","49","","","[""men"",""women"",""children"",""teachers"",""gifts""]","","21","[]","","portrait","","true","","","קופת חיסכון עץ","15","[""standing"",""not_relevant""]","","","המומלצים שלנו","","","","68d79f35d4496d149539cc38","2025-09-27T08:24:21.026000","2025-09-27T18:12:33.783000","68d6c74511c551c2152b265e","chaimovsky.d@gmail.com","false"
"false","0","[]","","","","","false","10","","","","65","https://base44.app/api/apps/68d6c74511c551c2152b265d/files/public/68d6c74511c551c2152b265d/2b0308743_.png","","[""men"",""women"",""teachers"",""gifts""]","regular","8","[]","","any","[""https://base44.app/api/apps/68d6c74511c551c2152b265d/files/public/68d6c74511c551c2152b265d/4ad0b043e_156403.jpg""]","true","[]","","כוס תרמית לרכב","8","[""not_relevant""]","false","","כוסות_ובקבוקים","","","","68d79f35d4496d149539cc30","2025-09-27T08:24:21.026000","2025-12-03T08:46:00.995000","68d6c74511c551c2152b265e","chaimovsky.d@gmail.com","false"
"false","0","","","","","","","","","","","129","","","[]","","","[]","","any","","false","","","קולאז' 9 תמונות עיגול","","[""hanging""]","","","המומלצים שלנו","","","","68d79f35d4496d149539cc3b","2025-09-27T08:24:21.026000","2025-10-18T19:11:52.430000","68d6c74511c551c2152b265e","chaimovsky.d@gmail.com","false"
"false","0","[]","","","גודל 50-70. מתאים לסלון","","","","","","","179","https://base44.app/api/apps/68d6c74511c551c2152b265d/files/public/68d6c74511c551c2152b265d/2263f136a_143033.jpg","","[""women"",""men"",""office"",""home"",""gifts""]","","50","[]","","any","","true","","","קנבס מלבן ענק","70","[""hanging""]","","","canvas","","","","68d79f35d4496d149539cc55","2025-09-27T08:24:21.026000","2025-10-26T10:40:44.231000","68d6c74511c551c2152b265e","chaimovsky.d@gmail.com","false"
"false","18","[]","","","גודל כ 18*13 סנטימטרים ","","true","","","מומלץ לא לשים פרטים חשובים בקצה התמונה בגלל הצורה הטבעית של האבן","","89","https://base44.app/api/apps/68d6c74511c551c2152b265d/files/public/68d6c74511c551c2152b265d/d5e0d77dc_146825.jpg","","[""men"",""office"",""gifts""]","","13","[]","","any","","true","","","אבן בזלת מלבנית בינוני","18","[""standing""]","","","אבני בזלת וזכוכיות","","","","68d79f35d4496d149539cc60","2025-09-27T08:24:21.026000","2025-11-10T10:37:53.305000","68d6c74511c551c2152b265e","chaimovsky.d@gmail.com","false"
"false","0","","","","","","true","","","","","99","","","[""men"",""women"",""children"",""teachers"",""home"",""office"",""gifts""]","","20","[]","","any","","true","","עץ","בלוק עץ 29x20","29","[""both""]","","","wood_block","","","29x20 ס״מ","68d6ee4c67abe31bf2cdca16","2025-09-26T19:49:32.981000","2025-11-10T10:36:12.734000","68d6c74511c551c2152b265e","chaimovsky.d@gmail.com","false"
"false","0","","","","","","true","","","","","45","","","[""women"",""men"",""children"",""teachers"",""office"",""home"",""gifts""]","","15","[]","","any","","true","","עץ","בלוק עץ 15x15","15","[""both""]","","","wood_block","","","15x15 ס״מ","68d6ee4c3544a4439f0bbd21","2025-09-26T19:49:32.209000","2025-11-10T10:36:12.734000","68d6c74511c551c2152b265e","chaimovsky.d@gmail.com","false"
"false","0","[]","","","","","true","10","","","","50","https://base44.app/api/apps/68d6c74511c551c2152b265d/files/public/68d6c74511c551c2152b265d/8fdbac60a_15-20.png","","[""men"",""women"",""children"",""teachers"",""office"",""home"",""gifts""]","regular","15","[]","","any","","true","[]","עץ","בלוק עץ 20x15","20","[""both""]","false","","wood_block","","","20x15 ס״מ","68d6ee4b1748b225e6edc8c1","2025-09-26T19:49:31.799000","2025-11-13T12:41:23.747000","68d6c74511c551c2152b265e","chaimovsky.d@gmail.com","false"
"false","0","","","","","","true","","","","","30","https://base44.app/api/apps/68d6c74511c551c2152b265d/files/public/68d6c74511c551c2152b265d/eb09f15bf_146828.jpg","","[""men"",""women"",""children"",""gifts"",""home"",""office"",""teachers""]","","10","[]","","any","","true","","עץ","בלוק עץ 10x10","10","[""both""]","","","wood_block","","","10x10 ס״מ","68d6ee4b3cee746183fa79f7","2025-09-26T19:49:31.390000","2025-11-10T10:36:12.734000","68d6c74511c551c2152b265e","chaimovsky.d@gmail.com","false"
"false","0","","","","בלוק עץ איכותי להדפסה עמידה","","true","","","","","79","","","[""teachers"",""office"",""home"",""men"",""women"",""children"",""gifts""]","","20","[]","","any","","true","","עץ","בלוק עץ מרובע 20x20","20","[""both""]","","","wood_block","","","20x20 ס״מ","68d6ed2542ad9d6fd29fa1ba","2025-09-26T19:44:37.846000","2025-11-10T10:36:12.734000","68d6c74511c551c2152b265e","chaimovsky.d@gmail.com","false"
"false","0","","","","הדפסה על הזכוכית, להעמדה על רגלית","","true","","","","","79","https://base44.app/api/apps/68d6c74511c551c2152b265d/files/public/68d6c74511c551c2152b265d/32fafd968_146821.jpg","","[""women"",""office"",""home""]","","16","[]","","any","","true","","זכוכית ","זכוכית 16*11","11","[""standing""]","","","אבני בזלת וזכוכיות","","","16*11","68d6eb2784a884a53fe28e22","2025-09-26T19:36:07.213000","2025-11-10T10:37:53.305000","68d6c74511c551c2152b265e","chaimovsky.d@gmail.com","false"
"false","75","[]","","","תמונה מודפסת על בלוק עץ אורן מלא","","true","","","","","40","https://base44.app/api/apps/68d6c74511c551c2152b265d/files/public/68d6c74511c551c2152b265d/f09da08cb_143115.png","","[""men"",""teachers"",""gifts"",""women"",""office"",""children"",""home""]","","10","[{""minQuantity"":3,""discountType"":""percentage"",""discountPercent"":16.666666666667,""fixedPrice"":null}]","","any","","true","","עץ","בלוק עץ 15*10","15","[""standing"",""hanging""]","","","wood_block","","","15*10","68d6d981bb0dbbfdfc5abdd4","2025-09-26T18:20:49.417000","2025-11-10T10:36:12.734000","68d6c74511c551c2152b265e","chaimovsky.d@gmail.com","false"